cd,cl
0.2854115695,-0.1131136459
