cd, cl
2.3848566658e-01, -9.4516081781e-02
